colocation,FCFS_tail,FCFS_throughput,FCFS_violation,SJF_tail,SJF_throughput,SJF_violation,EDF_tail,EDF_throughput,EDF_violation,Abacus_tail,Abacus_throughput,Abacus_violation
Res101Res152VGG19,1.2404733062744142,555,0.5820000000000001,1.5231660247802727,424,0.74,1.375572508239746,430,0.744,1.2324656150817872,750,0.353
Res101Res152Bert,1.8634117126464844,451,0.86,1.9997125244140626,431,0.848,1.8853466476440428,444,0.863,1.7764689254760742,750,0.78
Res101VGG19Bert,1.0311231994628907,649,0.365,1.214572396850586,573,0.479,1.0555231475830078,626,0.393,0.9072355957031252,881,0.122
Res152VGG19Bert,1.2040704772949218,489,0.579,1.3037636627197264,442,0.641,1.115390319824219,567,0.481,0.9388581726074219,815,0.18999999999999995
