predictor,combinations,mae,mape
mlp,all,0.47682875,0.05761515
mlp,all,0.47743186,0.05746226
