colocation,FCFS_tail,SJF_tail,EDF_tail,Abacus_tail
Res101Res152VGG19Bert,1.1690803367614746,1.4936068389892576,1.2437525161743164,0.981494770812988