colocation,FCFS_tail,FCFS_throughput,FCFS_violation,SJF_tail,SJF_throughput,SJF_violation,EDF_tail,EDF_throughput,EDF_violation,Abacus_tail,Abacus_throughput,Abacus_violation
Res101Res152VGG19Bert,1.0972853299654446,947,0.08899999999999997,1.3084371995192308,909,0.18000000000000005,1.1728589993990386,913,0.14500000000000002,0.9738761649498572,1000,0.008000000000000007
