model,start,end,bs,seq_len,model,start,end,bs,seq_len,model,start,end,bs,seq_len,median,mean,var
resnet101,0,35,1,0,resnet152,0,52,1,0,vgg19,0,15,1,0,25373.0,25656.19387755102,892.8216296727444
resnet101,0,20,1,0,resnet152,39,52,1,0,vgg19,21,22,1,0,11684.5,11069.714285714286,1199.370566214646
resnet101,0,35,1,0,resnet152,4,52,1,0,vgg19,14,22,1,0,24165.5,25826.979591836734,2952.0327931492234
resnet101,15,35,1,0,resnet152,17,52,1,0,vgg19,0,22,1,0,17615.5,18754.244897959183,2309.2327688739642
