model,start,end,bs,seq_len,model,start,end,bs,seq_len,model,start,end,bs,seq_len,median,mean,var
resnet152,12,28,1,0,inception_v3,6,13,1,0,vgg19,7,11,1,0,11973.0,12930.775510204081,2263.0245948622105
resnet152,25,49,1,0,inception_v3,6,13,1,0,vgg19,13,19,1,0,13482.0,14778.19387755102,2211.3656213731565
resnet152,10,36,1,0,inception_v3,7,11,1,0,vgg19,0,19,1,0,14685.0,14881.091836734693,778.6179420802474
resnet152,37,44,1,0,inception_v3,7,12,1,0,vgg19,15,19,1,0,8883.0,10184.42857142857,2409.447091287602
resnet152,33,39,1,0,inception_v3,3,8,1,0,vgg19,4,19,1,0,7256.5,7930.418367346939,1844.3371295448515
resnet152,48,52,1,0,inception_v3,3,11,1,0,vgg19,17,21,1,0,11615.5,13521.326530612245,3337.625848045437
resnet152,13,48,1,0,inception_v3,5,14,1,0,vgg19,9,16,1,0,18944.0,19522.255102040817,1305.6998773136293
