colocation,FCFS_tail,FCFS_throughput,FCFS_violation,SJF_tail,SJF_throughput,SJF_violation,EDF_tail,EDF_throughput,EDF_violation,Abacus_tail,Abacus_throughput,Abacus_violation
Res101+Res152+VGG19,123.85600852966307,898,0.18100000000000005,153.1830366516113,824,0.33299999999999996,122.87154907226562,923,0.14800000000000002,98.70449142456052,986,0.02300000000000002
Res101+Res152+Bert,175.7710842895508,838,0.5389999999999999,211.2812005615235,803,0.5860000000000001,171.53016448974608,920,0.33999999999999997,127.54268280029295,999,0.050000000000000044
Res101+VGG19+Bert,88.5410536193848,980,0.02200000000000002,109.9555906677246,952,0.06499999999999995,83.3017172241211,990,0.010000000000000009,74.35961914062496,997,0.0040000000000000036
Res152+VGG19+Bert,105.1725082397461,938,0.08299999999999996,124.74557861328125,893,0.15400000000000003,113.23106658935546,899,0.135,82.68043548583981,985,0.015000000000000013
