colocation,FCFS_tail,FCFS_throughput,FCFS_violation,SJF_tail,SJF_throughput,SJF_violation,EDF_tail,EDF_throughput,EDF_violation,Abacus_tail,Abacus_throughput,Abacus_violation
Res101+Res152+VGG19,123.85600852966307,898,0.819,153.1830366516113,824,0.667,122.87154907226562,923,0.852,98.70449142456052,986,0.977
Res101+Res152+Bert,175.7710842895508,838,0.461,211.2812005615235,803,0.414,171.53016448974608,920,0.66,127.54268280029295,999,0.95
Res101+VGG19+Bert,88.5410536193848,980,0.978,109.9555906677246,952,0.935,83.3017172241211,990,0.99,74.35961914062496,997,0.996
Res152+VGG19+Bert,105.1725082397461,938,0.917,124.74557861328125,893,0.846,113.23106658935546,899,0.865,82.68043548583981,985,0.985
