colocation,FCFS_tail,FCFS_throughput,FCFS_violation,SJF_tail,SJF_throughput,SJF_violation,EDF_tail,EDF_throughput,EDF_violation,Abacus_tail,Abacus_throughput,Abacus_violation
Res101Bert_Res152VGG19,172.06280029296875,975,0.08499999999999996,180.07611846923788,971,0.09899999999999998,172.3171643066406,970,0.10099999999999998,131.22736419677736,943,0.06899999999999995
Res101Res152_VGG19Bert,164.0645007324219,978,0.07199999999999995,177.26585464477546,956,0.124,166.33818664550773,971,0.09399999999999997,134.53956604003906,938,0.07799999999999996
Res101VGG19_Resn152Bert,162.2409210205078,976,0.07299999999999995,167.67683105468754,981,0.06799999999999995,160.02236389160157,979,0.07099999999999995,125.07832122802732,947,0.06000000000000005
